-3.141592653589793116e+00,-1.018849630764838698e-01
-3.135303178807831603e+00,-8.115277714456289870e-02
-3.129013704025870091e+00,1.929574341798758752e-01
-3.122724229243908578e+00,-1.471246163998513393e-02
-3.116434754461947065e+00,-5.675421081778188326e-02
-3.110145279679985553e+00,1.432686048382411093e-01
-3.103855804898024040e+00,-1.378713623932341092e-01
-3.097566330116062083e+00,7.797307068260242446e-02
-3.091276855334100571e+00,-3.053861482568422936e-01
-3.084987380552139058e+00,-4.319646297395010048e-01
-3.078697905770177545e+00,-6.533498944630500294e-01
-3.072408430988216033e+00,2.061217494819674589e-01
-3.066118956206254520e+00,2.290318843297755036e-01
-3.059829481424293007e+00,-5.596979622155411338e-01
-3.053540006642331495e+00,-3.486879647698573059e-01
-3.047250531860369982e+00,1.453821995787853982e-01
-3.040961057078408469e+00,1.579310996664632927e-01
-3.034671582296446957e+00,8.091247806077225824e-02
-3.028382107514485444e+00,4.851914621664761285e-01
-3.022092632732523931e+00,-5.426519099977069605e-01
-3.015803157950561975e+00,-1.439679432709690399e-01
-3.009513683168600462e+00,-3.782672548706083049e-01
-3.003224208386638949e+00,-1.035806882407423191e-01
-2.996934733604677437e+00,-4.100010684906486569e-01
-2.990645258822715924e+00,-1.616053668715385361e-01
-2.984355784040754411e+00,-1.041168577669617790e-01
-2.978066309258792899e+00,-3.284431613836958919e-01
-2.971776834476831386e+00,-3.934654394690818568e-01
-2.965487359694869873e+00,-4.032719055903746797e-02
-2.959197884912908361e+00,-2.607463404393802198e-01
-2.952908410130946848e+00,7.459253890040565271e-02
-2.946618935348985335e+00,-1.597776638688192530e-01
-2.940329460567023823e+00,2.323963316282762204e-04
-2.934039985785061866e+00,-2.352692344350021947e-01
-2.927750511003100353e+00,-3.776766991247335059e-01
-2.921461036221138841e+00,-1.875826701618209802e-01
-2.915171561439177328e+00,-1.124072434970241063e-01
-2.908882086657215815e+00,-1.894941945375951953e-01
-2.902592611875254303e+00,1.157720267838419081e-03
-2.896303137093292790e+00,-1.302143143988842566e-01
-2.890013662311331277e+00,-4.468247396553337580e-01
-2.883724187529369765e+00,-9.970284476782863559e-01
-2.877434712747408252e+00,-2.929974689535762011e-01
-2.871145237965446739e+00,-4.318846485004576019e-01
-2.864855763183484783e+00,-3.865052975853988659e-01
-2.858566288401523714e+00,-7.399191727326746015e-01
-2.852276813619561757e+00,-2.091186726935881368e-01
-2.845987338837600245e+00,-3.494138130261530417e-01
-2.839697864055638732e+00,-2.684738100310561371e-01
-2.833408389273677219e+00,-3.341946256990099284e-01
-2.827118914491715707e+00,-4.283613004508501354e-01
-2.820829439709754194e+00,-1.392293820623632661e-01
-2.814539964927792681e+00,-3.616331999743601089e-01
-2.808250490145831169e+00,1.712473689944038480e-03
-2.801961015363869656e+00,-1.742484974721486557e-02
-2.795671540581908143e+00,-6.754170069171285817e-01
-2.789382065799946631e+00,-2.267760418271313472e-01
-2.783092591017984674e+00,-2.968551283084511772e-01
-2.776803116236023605e+00,-1.987690288226679203e-01
-2.770513641454061649e+00,-9.238174507280794145e-01
-2.764224166672100136e+00,-3.306560880264020064e-02
-2.757934691890138623e+00,-6.576083981201783502e-01
-2.751645217108177111e+00,-5.070939184479781314e-01
-2.745355742326215598e+00,-5.102281399513516336e-01
-2.739066267544254085e+00,-4.416928165514938942e-01
-2.732776792762292573e+00,-5.117991604555000018e-02
-2.726487317980331060e+00,-1.364373794241987015e-01
-2.720197843198369547e+00,-3.383372876585964417e-01
-2.713908368416408035e+00,-5.828547997996934571e-01
-2.707618893634446522e+00,-7.997277855064686136e-01
-2.701329418852484565e+00,-7.604646192328295973e-02
-2.695039944070523497e+00,-8.592017772372578799e-01
-2.688750469288561540e+00,-4.558841450306475029e-01
-2.682460994506600027e+00,-8.814705224915292403e-01
-2.676171519724638515e+00,-5.684380207055919065e-01
-2.669882044942677002e+00,-4.908382579034425985e-01
-2.663592570160715489e+00,-6.000824186148695505e-01
-2.657303095378753977e+00,-4.748882983258222445e-01
-2.651013620596792464e+00,-2.810917497143236021e-01
-2.644724145814830951e+00,-2.708994013791081734e-01
-2.638434671032869439e+00,-1.818662551695256480e-01
-2.632145196250907926e+00,-7.108899663909797884e-01
-2.625855721468946413e+00,-4.624522290760596510e-01
-2.619566246686984456e+00,-4.481608993157188969e-01
-2.613276771905023388e+00,-5.365755241633536343e-01
-2.606987297123061431e+00,-6.440314416594938862e-01
-2.600697822341099918e+00,-6.417048647818720530e-01
-2.594408347559138406e+00,-4.514289855299999932e-01
-2.588118872777176893e+00,-1.694576759935919053e-01
-2.581829397995215380e+00,-2.598631532592817761e-01
-2.575539923213253868e+00,-4.385207667787842656e-01
-2.569250448431292355e+00,-7.190057508965764788e-01
-2.562960973649330843e+00,-9.183028302330924486e-01
-2.556671498867369330e+00,-3.482272451098622490e-01
-2.550382024085407817e+00,-4.159765718537379309e-01
-2.544092549303446305e+00,-3.712532588070028838e-01
-2.537803074521484348e+00,-4.903136228452309453e-02
-2.531513599739523279e+00,-8.886566314001056455e-01
-2.525224124957561322e+00,-6.617339109429302146e-01
-2.518934650175599810e+00,-3.375891210621083660e-01
-2.512645175393638297e+00,-5.831689570230359498e-01
-2.506355700611676784e+00,-7.125142199494058914e-01
-2.500066225829715272e+00,-1.266434603878277221e+00
-2.493776751047753759e+00,-6.110346228207813590e-01
-2.487487276265792246e+00,-1.031001908993349092e+00
-2.481197801483830734e+00,-2.474743025607106239e-01
-2.474908326701869221e+00,-9.452095314758297562e-01
-2.468618851919907708e+00,-1.051936219887614987e+00
-2.462329377137946196e+00,-9.070187885141181017e-01
-2.456039902355984239e+00,-1.260790148986966619e+00
-2.449750427574023171e+00,-6.267856695488384089e-01
-2.443460952792061214e+00,-7.054648361756173935e-01
-2.437171478010099701e+00,-7.947018419200190253e-01
-2.430882003228138188e+00,-4.563358766078316475e-01
-2.424592528446176676e+00,-1.301151707183114237e+00
-2.418303053664215163e+00,-8.710839496579261265e-01
-2.412013578882253650e+00,-6.429177724625088075e-01
-2.405724104100292138e+00,-6.875903430620166068e-01
-2.399434629318330625e+00,-4.238379993979026761e-01
-2.393145154536369112e+00,-1.558289212757950626e-01
-2.386855679754407156e+00,-7.181500891905633344e-01
-2.380566204972446087e+00,-1.034533722458839122e+00
-2.374276730190484130e+00,-7.321868834470508514e-01
-2.367987255408523062e+00,-8.638416025989275049e-01
-2.361697780626561105e+00,-1.119391539851959605e+00
-2.355408305844599592e+00,-4.968423212423059843e-01
-2.349118831062638080e+00,-8.773885220703041554e-01
-2.342829356280676567e+00,-2.092315086055394069e-01
-2.336539881498715054e+00,-1.127139640150090827e+00
-2.330250406716753542e+00,-6.274541142980354369e-01
-2.323960931934792029e+00,-6.060173069027773307e-01
-2.317671457152830516e+00,-7.390086494694054764e-01
-2.311381982370869004e+00,-2.222303191566906699e-01
-2.305092507588907047e+00,-6.676703318834830148e-01
-2.298803032806945978e+00,-5.832522617204268789e-01
-2.292513558024984022e+00,-9.660392800705752681e-01
-2.286224083243022953e+00,-9.330004750962738180e-01
-2.279934608461060996e+00,-1.012979939270100660e+00
-2.273645133679099484e+00,-4.857851931680787771e-01
-2.267355658897137971e+00,-1.069326298066284542e+00
-2.261066184115176458e+00,-5.109433886432681593e-01
-2.254776709333214946e+00,-4.559007799382086557e-01
-2.248487234551253433e+00,-8.421530633597618110e-02
-2.242197759769291920e+00,-5.911261740043727286e-01
-2.235908284987330408e+00,-1.131766151426851330e+00
-2.229618810205368895e+00,-1.126199590356620872e+00
-2.223329335423406938e+00,-7.236197445449946697e-01
-2.217039860641445870e+00,-9.968062900825608308e-01
-2.210750385859483913e+00,-8.521730094976248671e-01
-2.204460911077522400e+00,-1.057252326016268285e+00
-2.198171436295560888e+00,-7.520278294137485720e-01
-2.191881961513599375e+00,-1.037520682055681931e+00
-2.185592486731637862e+00,-9.786126640280571332e-01
-2.179303011949676350e+00,-1.214628734375016617e+00
-2.173013537167714837e+00,-1.196669444941761418e+00
-2.166724062385753324e+00,-8.092546716336435075e-01
-2.160434587603791812e+00,-1.297063868748126625e+00
-2.154145112821830299e+00,-1.140091439620340763e+00
-2.147855638039868786e+00,-1.840796031713921588e-01
-2.141566163257906830e+00,-4.510835860952538412e-01
-2.135276688475945761e+00,-1.103769312643378742e+00
-2.128987213693983804e+00,-8.680049671068098549e-01
-2.122697738912022736e+00,-9.792258367390138663e-01
-2.116408264130060779e+00,-4.302747674652580567e-01
-2.110118789348099266e+00,-5.544162172503335206e-01
-2.103829314566137754e+00,-6.186083387674194967e-01
-2.097539839784176241e+00,-1.066763329375791436e+00
-2.091250365002214728e+00,-6.076106309116388049e-01
-2.084960890220253216e+00,-1.229845460813074887e+00
-2.078671415438291703e+00,-3.115086892887510839e-01
-2.072381940656329746e+00,-1.175083450067675006e+00
-2.066092465874368678e+00,-4.548489543839236982e-01
-2.059802991092406721e+00,-8.577856197682593997e-01
-2.053513516310445652e+00,-4.662942890267164353e-01
-2.047224041528483696e+00,-1.080974355269362475e+00
-2.040934566746522627e+00,-4.891638319520834055e-01
-2.034645091964560670e+00,-7.776448521174952333e-01
-2.028355617182599158e+00,-4.470359897362382040e-01
-2.022066142400637645e+00,-5.047016728761211102e-01
-2.015776667618676132e+00,-1.002903653699942943e+00
-2.009487192836714620e+00,-8.139249896213227586e-01
-2.003197718054753107e+00,-9.425218177044781820e-01
-1.996908243272791594e+00,-4.309733575773361247e-01
-1.990618768490829860e+00,-1.067180823930059308e+00
-1.984329293708868347e+00,-1.142697383301815472e+00
-1.978039818926906834e+00,-1.225679786788808734e+00
-1.971750344144945322e+00,-8.885303553168638624e-01
-1.965460869362983809e+00,-1.124668649834135392e+00
-1.959171394581022296e+00,-1.543788918502690066e+00
-1.952881919799060562e+00,-9.371244065901934706e-01
-1.946592445017099049e+00,-5.480166588631800728e-01
-1.940302970235137536e+00,-7.411892735594336479e-01
-1.934013495453176024e+00,-8.466013847334922238e-01
-1.927724020671214511e+00,-1.362911743718815627e+00
-1.921434545889252998e+00,-7.738330521741809687e-01
-1.915145071107291486e+00,-7.222139487438057337e-01
-1.908855596325329751e+00,-6.937319914298880619e-01
-1.902566121543368238e+00,-8.236113512102999357e-01
-1.896276646761406726e+00,-1.049578172750559091e+00
-1.889987171979445213e+00,-8.154264725774394984e-01
-1.883697697197483700e+00,-8.480578535853456890e-01
-1.877408222415522188e+00,-6.514454401938509776e-01
-1.871118747633560453e+00,-1.271489728479190617e+00
-1.864829272851598940e+00,-9.823267666210058202e-01
-1.858539798069637428e+00,-1.059940483868065497e+00
-1.852250323287675915e+00,-5.875246056273946138e-01
-1.845960848505714402e+00,-1.152303046696751876e+00
-1.839671373723752890e+00,-1.002201847153309844e+00
-1.833381898941791377e+00,-5.907749524944601038e-01
-1.827092424159829642e+00,-1.408127359567921788e+00
-1.820802949377868130e+00,-1.282674590195478359e+00
-1.814513474595906617e+00,-9.027098952942078647e-01
-1.808223999813945104e+00,-1.068967349144048562e+00
-1.801934525031983592e+00,-1.028454579465012841e+00
-1.795645050250022079e+00,-1.041189145591134624e+00
-1.789355575468060344e+00,-1.697108595467617942e+00
-1.783066100686098832e+00,-8.902424641112975934e-01
-1.776776625904137319e+00,-7.991563018065342971e-01
-1.770487151122175806e+00,-1.234803962447982517e+00
-1.764197676340214294e+00,-1.344220588065494715e+00
-1.757908201558252781e+00,-1.103781445593038368e+00
-1.751618726776291046e+00,-1.074157193139495980e+00
-1.745329251994329534e+00,-7.368422776679420805e-01
-1.739039777212368021e+00,-1.370397440032896430e+00
-1.732750302430406508e+00,-1.349400290276653536e+00
-1.726460827648444996e+00,-1.081084453334818507e+00
-1.720171352866483483e+00,-1.032013636254983657e+00
-1.713881878084521970e+00,-1.036839774080199117e+00
-1.707592403302560236e+00,-1.304330635539733496e+00
-1.701302928520598723e+00,-1.306368579946935782e+00
-1.695013453738637210e+00,-7.616274351453545810e-01
-1.688723978956675698e+00,-6.226358617413494390e-01
-1.682434504174714185e+00,-8.115768466440571594e-01
-1.676145029392752672e+00,-1.401948773712033969e+00
-1.669855554610790938e+00,-1.193293928256506042e+00
-1.663566079828829425e+00,-9.466784315378143910e-01
-1.657276605046867912e+00,-1.307682903760345239e+00
-1.650987130264906400e+00,-1.119673188646967521e+00
-1.644697655482944887e+00,-1.424991094299193239e+00
-1.638408180700983374e+00,-9.760444338141662790e-01
-1.632118705919021640e+00,-9.575703702006687079e-01
-1.625829231137060127e+00,-5.394395336164514720e-01
-1.619539756355098614e+00,-1.182681803544305854e+00
-1.613250281573137102e+00,-2.033067866080847663e-01
-1.606960806791175589e+00,-9.307725443134504673e-01
-1.600671332009214076e+00,-1.075192075853312890e+00
-1.594381857227252564e+00,-7.656072098017421279e-01
-1.588092382445290829e+00,-1.004282662868288822e+00
-1.581802907663329316e+00,-5.680252773792864307e-01
-1.575513432881367804e+00,-1.638919252568569629e+00
-1.569223958099406291e+00,-9.680637163714297388e-01
-1.562934483317444778e+00,-8.802066486331117101e-01
-1.556645008535483266e+00,-1.481866528309945918e+00
-1.550355533753521531e+00,-1.627332927895596137e+00
-1.544066058971560018e+00,-8.613257821435488237e-01
-1.537776584189598506e+00,-5.496885885176593378e-01
-1.531487109407636993e+00,-1.255342740495595466e+00
-1.525197634625675480e+00,-1.084605211335162300e+00
-1.518908159843713968e+00,-1.108557855052035634e+00
-1.512618685061752455e+00,-1.049127520608446718e+00
-1.506329210279790720e+00,-1.115348517197687794e+00
-1.500039735497829207e+00,-8.676628717355259202e-01
-1.493750260715867695e+00,-9.174435386740823484e-01
-1.487460785933906182e+00,-7.263083409520003642e-01
-1.481171311151944670e+00,-5.926527797616889526e-01
-1.474881836369983157e+00,-1.076331812439511371e+00
-1.468592361588021422e+00,-6.352651274720471086e-01
-1.462302886806059909e+00,-1.095476450450953987e+00
-1.456013412024098397e+00,-7.520113290459011779e-01
-1.449723937242136884e+00,-4.282584641253073254e-01
-1.443434462460175371e+00,-1.025715400327289251e+00
-1.437144987678213859e+00,-1.214257753062341294e+00
-1.430855512896252346e+00,-1.143564659841672659e+00
-1.424566038114290611e+00,-1.114158437879471553e+00
-1.418276563332329099e+00,-1.034646153806431546e+00
-1.411987088550367586e+00,-7.816766921698140580e-01
-1.405697613768406073e+00,-9.680983539343537281e-01
-1.399408138986444561e+00,-1.267743604358389398e+00
-1.393118664204483048e+00,-1.152107357382900377e+00
-1.386829189422521313e+00,-1.240110920357771152e+00
-1.380539714640559801e+00,-4.724379044377725601e-01
-1.374250239858598288e+00,-7.126642934741111990e-01
-1.367960765076636775e+00,-5.799060723730120603e-01
-1.361671290294675263e+00,-1.263472789314475708e+00
-1.355381815512713750e+00,-6.301506656897671865e-01
-1.349092340730752015e+00,-1.187121628069752743e+00
-1.342802865948790503e+00,-9.461718811272223917e-01
-1.336513391166828990e+00,-1.170057693359178641e+00
-1.330223916384867477e+00,-7.514476669061330716e-01
-1.323934441602905965e+00,-2.236175358620001719e-01
-1.317644966820944452e+00,-1.171447550843522922e+00
-1.311355492038982939e+00,-9.676377436681908861e-01
-1.305066017257021205e+00,-1.085928504946681139e+00
-1.298776542475059692e+00,-1.489233998693354710e+00
-1.292487067693098179e+00,-1.733974444503424195e+00
-1.286197592911136667e+00,-1.221193956914439438e+00
-1.279908118129175154e+00,-1.283797253523825344e+00
-1.273618643347213641e+00,-8.253423073743326732e-03
-1.267329168565251907e+00,-6.200360889445346579e-01
-1.261039693783290394e+00,-3.560400762151665344e-01
-1.254750219001328881e+00,-9.148896394717545011e-01
-1.248460744219367369e+00,-8.278588354247617964e-01
-1.242171269437405856e+00,-8.542850463834746888e-01
-1.235881794655444343e+00,-1.015000190614986808e+00
-1.229592319873482609e+00,-8.077716455236667592e-01
-1.223302845091521096e+00,-6.464930012649852120e-01
-1.217013370309559583e+00,-6.140817152480717578e-01
-1.210723895527598071e+00,-9.883092119455754165e-01
-1.204434420745636558e+00,-8.730259794005124085e-01
-1.198144945963675045e+00,-6.089335174277019647e-01
-1.191855471181713533e+00,-1.012772456982764524e+00
-1.185565996399751798e+00,-7.015301802607126769e-01
-1.179276521617790285e+00,-8.905351863593872208e-01
-1.172987046835828773e+00,-7.895168919764979920e-01
-1.166697572053867260e+00,-7.777498445057635656e-01
-1.160408097271905747e+00,-1.258648298933864318e+00
-1.154118622489944235e+00,-5.721379002644618739e-01
-1.147829147707982500e+00,-1.015863045557195088e+00
-1.141539672926020987e+00,-1.548676169430792005e+00
-1.135250198144059475e+00,-1.068615563620860298e+00
-1.128960723362097962e+00,-8.548232934956430107e-01
-1.122671248580136449e+00,-1.248390340617886451e+00
-1.116381773798174937e+00,-6.795350525364172167e-01
-1.110092299016213424e+00,-7.747868402301016921e-01
-1.103802824234251911e+00,-5.559115999370867200e-01
-1.097513349452290399e+00,-9.132323100178443287e-01
-1.091223874670328886e+00,-1.482033133123552116e+00
-1.084934399888366929e+00,-1.036434766250257322e+00
-1.078644925106405417e+00,-1.072797283187263417e+00
-1.072355450324443904e+00,-6.670282194062128189e-01
-1.066065975542482391e+00,-8.474433628844312283e-01
-1.059776500760520879e+00,-1.177580404410840664e+00
-1.053487025978559366e+00,-8.280456560837123892e-01
-1.047197551196597853e+00,-1.298417269306039179e+00
-1.040908076414636341e+00,-1.108913437062020391e+00
-1.034618601632674828e+00,-5.396105132393052006e-01
-1.028329126850713315e+00,-5.782287382295411282e-01
-1.022039652068751803e+00,-7.070649880267921850e-01
-1.015750177286790290e+00,-5.309635515185693322e-01
-1.009460702504828777e+00,-1.462854246191404695e+00
-1.003171227722866821e+00,-4.147118862795497463e-01
-9.968817529409053080e-01,-1.176580668115721151e+00
-9.905922781589437953e-01,7.588531612473203847e-02
-9.843028033769822827e-01,-1.174243159873759712e+00
-9.780133285950207700e-01,-7.557815101729157270e-01
-9.717238538130592573e-01,-7.234486757196337825e-01
-9.654343790310977447e-01,-6.829487373603884137e-01
-9.591449042491362320e-01,-8.389473751308572647e-01
-9.528554294671747193e-01,-9.378184619106549880e-01
-9.465659546852132067e-01,-1.342689221490192875e+00
-9.402764799032516940e-01,-3.738281097907930062e-01
-9.339870051212901814e-01,-7.384593891310158309e-01
-9.276975303393282246e-01,-4.386692287223368791e-01
-9.214080555573667120e-01,-7.396276736484692638e-01
-9.151185807754051993e-01,-4.822033634939340563e-01
-9.088291059934436866e-01,-6.795448987426547793e-01
-9.025396312114821740e-01,-5.920963760970947565e-01
-8.962501564295206613e-01,-1.034346883634846170e+00
-8.899606816475591486e-01,-1.316508151661165638e+00
-8.836712068655976360e-01,-1.244719196984702236e+00
-8.773817320836361233e-01,-6.928163740517525593e-01
-8.710922573016746107e-01,-9.462080614384885680e-01
-8.648027825197130980e-01,-1.186693555135865497e+00
-8.585133077377515853e-01,-9.715804467853774717e-01
-8.522238329557900727e-01,-6.166171486674081326e-01
-8.459343581738281159e-01,-3.506638870276934661e-02
-8.396448833918666033e-01,-8.112675716278627824e-01
-8.333554086099050906e-01,-7.750467392968009017e-01
-8.270659338279435779e-01,-3.413991823332820919e-01
-8.207764590459820653e-01,-3.392959831459970155e-01
-8.144869842640205526e-01,-6.391347961397311206e-01
-8.081975094820590400e-01,-8.389567849823563739e-01
-8.019080347000975273e-01,-4.049572775698631055e-01
-7.956185599181360146e-01,-7.415983111751666135e-01
-7.893290851361745020e-01,-3.023617258422689469e-01
-7.830396103542129893e-01,-9.642483150424885352e-01
-7.767501355722514766e-01,-7.190420381112996306e-01
-7.704606607902899640e-01,-1.082510278776839696e+00
-7.641711860083280072e-01,-1.178355014085236796e+00
-7.578817112263664946e-01,-4.008265910462756043e-01
-7.515922364444049819e-01,-6.260048667022400926e-01
-7.453027616624434692e-01,-9.661396416750553939e-01
-7.390132868804819566e-01,-7.839084721445822579e-01
-7.327238120985204439e-01,-4.505939175587995171e-01
-7.264343373165589313e-01,-3.721043982005454720e-01
-7.201448625345974186e-01,-1.286776075188074131e+00
-7.138553877526359059e-01,-8.074874350463783212e-01
-7.075659129706743933e-01,-1.217772149040620810e+00
-7.012764381887128806e-01,-5.193134182898513362e-01
-6.949869634067513680e-01,-1.057275912229270087e+00
-6.886974886247898553e-01,-5.105134711191973151e-01
-6.824080138428278985e-01,-9.671018949951639687e-01
-6.761185390608663859e-01,4.826977044647184911e-02
-6.698290642789048732e-01,-6.685479387149297903e-01
-6.635395894969433606e-01,-8.429575111409840504e-01
-6.572501147149818479e-01,-4.956374120026146857e-01
-6.509606399330203352e-01,-6.832990704057640974e-01
-6.446711651510588226e-01,-2.818169144907602952e-01
-6.383816903690973099e-01,-1.437442554349589230e+00
-6.320922155871357973e-01,9.771623153768738135e-02
-6.258027408051742846e-01,-6.324131932878457318e-01
-6.195132660232127719e-01,-1.620157131949866991e-01
-6.132237912412512593e-01,-1.295691662066212668e+00
-6.069343164592897466e-01,-5.285537526430419408e-01
-6.006448416773277899e-01,3.054514079359385015e-01
-5.943553668953662772e-01,-6.911933860957187870e-01
-5.880658921134047645e-01,-5.224633905381782517e-01
-5.817764173314432519e-01,-4.654016898030677307e-01
-5.754869425494817392e-01,-5.140122339027543008e-01
-5.691974677675202265e-01,1.148075535260257851e-01
-5.629079929855587139e-01,-4.271200601209135250e-02
-5.566185182035972012e-01,-8.979734955983967870e-01
-5.503290434216356886e-01,-6.070778619582999358e-01
-5.440395686396741759e-01,-6.165473710082749470e-01
-5.377500938577126632e-01,-8.411978626286249483e-01
-5.314606190757511506e-01,-1.986400158517863113e-01
-5.251711442937896379e-01,-2.522132703469679438e-01
-5.188816695118276812e-01,7.068554567095702845e-02
-5.125921947298661685e-01,-4.845382438510040246e-01
-5.063027199479046558e-01,-8.364175803392064346e-01
-5.000132451659431432e-01,-1.845189477934565669e-01
-4.937237703839816305e-01,-8.609993025058018112e-01
-4.874342956020201179e-01,-8.813969964955660208e-01
-4.811448208200586052e-01,-9.769623836067368172e-01
-4.748553460380970925e-01,-4.789297631196933747e-01
-4.685658712561355799e-01,-1.097483122543520540e-01
-4.622763964741740672e-01,-2.009292814393034976e-01
-4.559869216922125545e-01,5.699087318776374644e-02
-4.496974469102510419e-01,-5.163592950953990179e-01
-4.434079721282890851e-01,-2.747738034486239544e-01
-4.371184973463275725e-01,-9.630706530227762796e-01
-4.308290225643660598e-01,-6.935770506802523272e-01
-4.245395477824045471e-01,2.170220296450736108e-01
-4.182500730004430345e-01,1.215980875766133340e-01
-4.119605982184815218e-01,-2.753857478345947962e-01
-4.056711234365200092e-01,-1.992265209591587150e-02
-3.993816486545584965e-01,-1.289886386400436180e-01
-3.930921738725969838e-01,-2.789970380259496618e-01
-3.868026990906354712e-01,-2.498224849778381274e-01
-3.805132243086739585e-01,-5.028370511199757864e-01
-3.742237495267124459e-01,-8.535631813780751864e-01
-3.679342747447509332e-01,-3.361401320705522666e-01
-3.616447999627889764e-01,-3.833042694216387547e-01
-3.553553251808274638e-01,-4.312542201401762254e-01
-3.490658503988659511e-01,-3.118843980605224830e-01
-3.427763756169044385e-01,-3.174672696407416228e-01
-3.364869008349429258e-01,-3.969207116438092653e-01
-3.301974260529814131e-01,-2.902341663513479109e-01
-3.239079512710199005e-01,-2.480919874404631520e-01
-3.176184764890583878e-01,-1.901441082067893973e-01
-3.113290017070968752e-01,-1.137853068130234568e+00
-3.050395269251353625e-01,-1.164416961718601207e-01
-2.987500521431738498e-01,1.871769738484679868e-01
-2.924605773612123372e-01,-4.270699762116491605e-01
-2.861711025792508245e-01,-2.691130316359708341e-01
-2.798816277972888678e-01,-4.214087065018153333e-01
-2.735921530153273551e-01,-5.424975992770086908e-01
-2.673026782333658424e-01,-1.200047720117657091e-01
-2.610132034514043298e-01,-1.907558513959063118e-01
-2.547237286694428171e-01,-1.719488625796840309e-01
-2.484342538874813044e-01,1.108300847842007553e-01
-2.421447791055197918e-01,-2.508948889406552030e-01
-2.358553043235582791e-01,-2.877678561728514994e-01
-2.295658295415967665e-01,1.700905356042628214e-01
-2.232763547596352538e-01,1.958054550683281381e-01
-2.169868799776737411e-01,-4.326851968948552951e-01
-2.106974051957122285e-01,-2.780858776479812056e-01
-2.044079304137507158e-01,-4.817767137391966714e-01
-1.981184556317887591e-01,-1.157203739237046558e-01
-1.918289808498272464e-01,2.952929471409543316e-03
-1.855395060678657337e-01,-7.683652833929122128e-02
-1.792500312859042211e-01,-2.076019640172648839e-01
-1.729605565039427084e-01,-5.619311626352276878e-01
-1.666710817219811958e-01,-7.586772387463109890e-01
-1.603816069400196831e-01,-1.892595517754271373e-01
-1.540921321580581704e-01,3.407939481897136469e-01
-1.478026573760966578e-01,3.108765185793876951e-01
-1.415131825941351451e-01,1.252735351187583834e-03
-1.352237078121736324e-01,2.793054858412185038e-01
-1.289342330302121198e-01,-9.889179956056337595e-02
-1.226447582482501630e-01,-3.031966088828404182e-02
-1.163552834662886504e-01,4.408573993479671105e-02
-1.100658086843271377e-01,-2.237828394265198861e-01
-1.037763339023656251e-01,1.616171608367980017e-01
-9.748685912040411239e-02,6.299714221485992471e-01
-9.119738433844259973e-02,-7.298617914474325730e-02
-8.490790955648108707e-02,5.918725508658673196e-01
-7.861843477451957440e-02,2.340054948416672720e-03
-7.232895999255806174e-02,-1.038662097784662230e-01
-6.603948521059654908e-02,-1.558663827207497632e-01
-5.975001042863503642e-02,1.592009955454109504e-01
-5.346053564667352376e-02,-3.573361346121667337e-02
-4.717106086471201110e-02,-1.611350808197855589e-01
-4.088158608275005435e-02,1.393560772531029779e-01
-3.459211130078854168e-02,-3.559104193745016298e-01
-2.830263651882702902e-02,6.664484383152305402e-02
-2.201316173686551636e-02,-2.480157282779786310e-01
-1.572368695490400370e-02,-3.238091406466223066e-01
-9.434212172942491037e-03,-5.811960201156618488e-01
-3.144737390980978375e-03,-1.864185577389772530e-01
3.144737390980534286e-03,-3.843364657055483025e-01
9.434212172942046948e-03,5.047690822967149799e-04
1.572368695490355961e-02,6.292748901021339991e-01
2.201316173686507227e-02,-2.721580713962669651e-01
2.830263651882658493e-02,2.315902115871912859e-01
3.459211130078809759e-02,5.171153497227999329e-01
4.088158608275005435e-02,-2.687584331140384086e-01
4.717106086471156701e-02,1.167633553328687179e-01
5.346053564667307967e-02,2.077175866387646064e-01
5.975001042863459233e-02,-1.420510634372789543e-02
6.603948521059610499e-02,2.434263242855752574e-02
7.232895999255761765e-02,-4.762573965221199579e-01
7.861843477451913031e-02,1.874030098479275153e-01
8.490790955648064298e-02,-5.078175085789407017e-01
9.119738433844215564e-02,-1.437834322306502655e-02
9.748685912040366830e-02,-2.112693599887696672e-01
1.037763339023651810e-01,-1.726482145543754565e-01
1.100658086843266936e-01,2.907490843030041683e-01
1.163552834662882063e-01,2.246055273455853096e-01
1.226447582482501630e-01,3.621227256461924393e-02
1.289342330302116757e-01,-2.516002427577067602e-01
1.352237078121731884e-01,9.054014532075219668e-01
1.415131825941347010e-01,4.701892438018088760e-01
1.478026573760962137e-01,-4.445001119179764482e-01
1.540921321580577263e-01,-3.024422338408782607e-01
1.603816069400192390e-01,-2.673884769510692649e-02
1.666710817219807517e-01,-5.190029772564077604e-01
1.729605565039422643e-01,3.551516844937491202e-01
1.792500312859037770e-01,1.687827264579225273e-02
1.855395060678652897e-01,1.226614133378851057e-01
1.918289808498268023e-01,-4.782325351840617245e-01
1.981184556317883150e-01,-9.666103883354840165e-02
2.044079304137502717e-01,5.998006414577335965e-01
2.106974051957117844e-01,-3.200488699607281218e-01
2.169868799776732970e-01,-4.954842597220010525e-02
2.232763547596348097e-01,2.239294845520137245e-02
2.295658295415963224e-01,1.598482203675470892e-01
2.358553043235578350e-01,3.406398420511347336e-01
2.421447791055193477e-01,1.464086022259426245e-01
2.484342538874808604e-01,2.440639185008927070e-01
2.547237286694423730e-01,8.589079945134947547e-01
2.610132034514038857e-01,-2.904398780450730966e-01
2.673026782333653983e-01,5.765406588146744227e-01
2.735921530153269110e-01,5.998121152603603790e-01
2.798816277972884237e-01,2.975620878248426693e-01
2.861711025792503804e-01,4.081403416310019905e-01
2.924605773612118931e-01,5.378395189255593678e-01
2.987500521431734057e-01,7.174307515025850623e-01
3.050395269251349184e-01,-1.065783032331653057e-01
3.113290017070964311e-01,2.614426254764879998e-01
3.176184764890579437e-01,3.140580783122884911e-01
3.239079512710194564e-01,3.468939886693944152e-01
3.301974260529809690e-01,5.473642138119236833e-01
3.364869008349424817e-01,3.833244294199629199e-01
3.427763756169039944e-01,2.990720069792542346e-01
3.490658503988655070e-01,3.684712180339381749e-01
3.553553251808270197e-01,3.052405844813556035e-01
3.616447999627889764e-01,5.437996789362354866e-01
3.679342747447504891e-01,2.654904055784504391e-01
3.742237495267120018e-01,2.724238252067936461e-01
3.805132243086735144e-01,7.978452413505549012e-01
3.868026990906350271e-01,6.104931621230293981e-01
3.930921738725965398e-01,-1.908579371287617010e-01
3.993816486545580524e-01,4.976598389487678631e-01
4.056711234365195651e-01,9.857345601415503644e-01
4.119605982184810777e-01,1.369564690508736637e-01
4.182500730004425904e-01,1.398721920728101531e-01
4.245395477824041031e-01,1.640104166853222356e-01
4.308290225643656157e-01,7.595292337725849663e-01
4.371184973463271284e-01,-3.655202092734993746e-02
4.434079721282890851e-01,4.232729100688301105e-01
4.496974469102505978e-01,1.575627533210702258e-01
4.559869216922121105e-01,3.434272690276949369e-01
4.622763964741736231e-01,2.501200857396255195e-01
4.685658712561351358e-01,8.871132679383049169e-01
4.748553460380966484e-01,1.232704066463163883e-02
4.811448208200581611e-01,5.472279385492587744e-01
4.874342956020196738e-01,4.141664242196169687e-01
4.937237703839811864e-01,2.048167068285634551e-01
5.000132451659426991e-01,3.047636752120274073e-01
5.063027199479042118e-01,8.810387938606083491e-01
5.125921947298657244e-01,3.626598175048621475e-01
5.188816695118272371e-01,6.281166951516939934e-01
5.251711442937891938e-01,9.518800283597669276e-01
5.314606190757507065e-01,2.986653180364282623e-01
5.377500938577122191e-01,5.466076962279254881e-01
5.440395686396737318e-01,8.583713522432347975e-01
5.503290434216352445e-01,1.093926430194563704e+00
5.566185182035967571e-01,1.206689531740546273e-01
5.629079929855582698e-01,7.590908382911757402e-01
5.691974677675197825e-01,6.929509283518596741e-01
5.754869425494812951e-01,5.668098038135344074e-01
5.817764173314428078e-01,9.500303938779788293e-01
5.880658921134043204e-01,5.277631312341973802e-01
5.943553668953658331e-01,-2.951733773633624658e-02
6.006448416773273458e-01,7.102274527326626341e-01
6.069343164592893025e-01,6.771473272400010401e-01
6.132237912412508152e-01,8.839472696023404907e-01
6.195132660232123278e-01,2.944773864581159972e-01
6.258027408051738405e-01,6.819200073041927768e-01
6.320922155871353532e-01,5.503893583269691137e-01
6.383816903690968658e-01,4.913016018835628107e-01
6.446711651510583785e-01,6.648607064168805536e-01
6.509606399330198911e-01,9.234574365010879138e-01
6.572501147149814038e-01,4.976676255393643888e-01
6.635395894969429165e-01,8.513227746934798335e-01
6.698290642789044291e-01,-2.288283702202302816e-01
6.761185390608659418e-01,5.917995716900692482e-02
6.824080138428278985e-01,7.865153748968258807e-01
6.886974886247894112e-01,6.511544605000335606e-01
6.949869634067509239e-01,6.279457201379723408e-01
7.012764381887124365e-01,6.330571463461900361e-01
7.075659129706739492e-01,8.527141408867424666e-01
7.138553877526354619e-01,8.045038274249983745e-01
7.201448625345969745e-01,7.587082982213658733e-01
7.264343373165584872e-01,8.083715090062073561e-01
7.327238120985199998e-01,5.826147361406743830e-01
7.390132868804815125e-01,1.012499652092087032e-01
7.453027616624430252e-01,7.632680530825618481e-01
7.515922364444045378e-01,8.881904217454552608e-01
7.578817112263660505e-01,6.322248041281655073e-01
7.641711860083280072e-01,9.746894351280703805e-01
7.704606607902895199e-01,1.517981445817986774e+00
7.767501355722510326e-01,4.350715895403372557e-01
7.830396103542125452e-01,9.589338161534123328e-01
7.893290851361740579e-01,6.132460404816495458e-01
7.956185599181355705e-01,1.061878272162601444e+00
8.019080347000970832e-01,7.792768577149943310e-01
8.081975094820585959e-01,5.840068293957442203e-01
8.144869842640201085e-01,3.614816351358146607e-01
8.207764590459816212e-01,9.869947333946382795e-01
8.270659338279431338e-01,7.070923755425461144e-01
8.333554086099046465e-01,1.191421305807662367e+00
8.396448833918661592e-01,4.741097028225318422e-01
8.459343581738281159e-01,8.887632738027713142e-01
8.522238329557896286e-01,7.305023282361762238e-01
8.585133077377511412e-01,9.211426770917185980e-01
8.648027825197122098e-01,9.957900488976109132e-01
8.710922573016741666e-01,7.158371700579277963e-01
8.773817320836352351e-01,8.245722665817357688e-01
8.836712068655971919e-01,3.391698818848974395e-01
8.899606816475591486e-01,5.089597769932657778e-01
8.962501564295202172e-01,7.216322744406280520e-01
9.025396312114821740e-01,9.280294606539480906e-01
9.088291059934432425e-01,9.277299623512914595e-01
9.151185807754051993e-01,1.345048191911830227e+00
9.214080555573662679e-01,1.244244831285981956e+00
9.276975303393282246e-01,1.183347361171706025e+00
9.339870051212892932e-01,5.381315589018882406e-01
9.402764799032512499e-01,5.905516748451101749e-01
9.465659546852123185e-01,9.305534554763860156e-01
9.528554294671742753e-01,1.096020273776626919e+00
9.591449042491353438e-01,6.250398553934140011e-01
9.654343790310973006e-01,4.491641107556416102e-01
9.717238538130592573e-01,5.603891524767091736e-01
9.780133285950203259e-01,4.587750485585123661e-01
9.843028033769822827e-01,5.987019622468737756e-01
9.905922781589433512e-01,7.980122029450487098e-01
9.968817529409053080e-01,7.848527091719823545e-01
1.003171227722866377e+00,8.463485211729807611e-01
1.009460702504828333e+00,8.357777936016628217e-01
1.015750177286789402e+00,7.061402519009876144e-01
1.022039652068751359e+00,6.415876856789159977e-01
1.028329126850712427e+00,6.764667744576329245e-01
1.034618601632674384e+00,4.884524233753261835e-01
1.040908076414635453e+00,1.060204845477080937e+00
1.047197551196597409e+00,8.182489855835777259e-01
1.053487025978559366e+00,1.005635821011888087e+00
1.059776500760520435e+00,6.956154905664089227e-01
1.066065975542482391e+00,7.334977116282351828e-01
1.072355450324443460e+00,1.407616429393872881e+00
1.078644925106405417e+00,9.679365495123480878e-01
1.084934399888366485e+00,5.247605423423685744e-01
1.091223874670328442e+00,8.900014834625327165e-01
1.097513349452289511e+00,5.703252825430662476e-01
1.103802824234251467e+00,8.312319060312263197e-01
1.110092299016212536e+00,4.515507685145012107e-01
1.116381773798174493e+00,6.365229752936421015e-01
1.122671248580135561e+00,6.508676433086317825e-01
1.128960723362097518e+00,1.114869767792251665e+00
1.135250198144059475e+00,9.826245962809072587e-01
1.141539672926020543e+00,5.011653646622618030e-01
1.147829147707982500e+00,1.125493388036397313e+00
1.154118622489943569e+00,1.097698764345517386e+00
1.160408097271905525e+00,1.011985321032097929e+00
1.166697572053866594e+00,8.947858174851519575e-01
1.172987046835828551e+00,7.793789453340784767e-01
1.179276521617789619e+00,9.576304961458818044e-01
1.185565996399751576e+00,6.723665943756813590e-01
1.191855471181712645e+00,5.989348293763645525e-01
1.198144945963674601e+00,8.026340720396253348e-01
1.204434420745635670e+00,7.246752572526418135e-01
1.210723895527597627e+00,6.265753379290712743e-01
1.217013370309559583e+00,9.671614728958448648e-01
1.223302845091520652e+00,7.432079755368089513e-01
1.229592319873482609e+00,8.684621612147460645e-01
1.235881794655443677e+00,1.109648995036554231e+00
1.242171269437405634e+00,7.572041161072553539e-01
1.248460744219366703e+00,1.812480474634111660e-01
1.254750219001328659e+00,8.940687914878437947e-01
1.261039693783289728e+00,7.685660926481189259e-01
1.267329168565251685e+00,1.057208180659664265e+00
1.273618643347212753e+00,1.183470808202119695e+00
1.279908118129174710e+00,9.424898483473438393e-01
1.286197592911136667e+00,9.440292902766483918e-01
1.292487067693097735e+00,1.012609779724465531e+00
1.298776542475059692e+00,5.294802592825038623e-01
1.305066017257020761e+00,1.354161918217640759e+00
1.311355492038982717e+00,8.898608183991730813e-01
1.317644966820943786e+00,9.701919212536775916e-01
1.323934441602905743e+00,1.086384298644593516e+00
1.330223916384866811e+00,9.490278791620534449e-01
1.336513391166828768e+00,1.352197194420042159e+00
1.342802865948789837e+00,1.158165569265884765e+00
1.349092340730751793e+00,9.149307330142225636e-01
1.355381815512712862e+00,1.254110171620091752e+00
1.361671290294674819e+00,7.541475635411492018e-01
1.367960765076636775e+00,1.000708796696038627e+00
1.374250239858597844e+00,5.879827311944945123e-01
1.380539714640559801e+00,5.952219718232385492e-01
1.386829189422520869e+00,9.048353967494948691e-01
1.393118664204482826e+00,1.141188385019346052e+00
1.399408138986443895e+00,5.511438312533485373e-01
1.405697613768405851e+00,8.506711544492207011e-01
1.411987088550366920e+00,1.058285540445251360e+00
1.418276563332328877e+00,1.416883496323764868e+00
1.424566038114289945e+00,1.101876207090455750e+00
1.430855512896251902e+00,1.112184770888087426e+00
1.437144987678212971e+00,1.269507672581505542e+00
1.443434462460174927e+00,8.141402052864799010e-01
1.449723937242136884e+00,1.415345489609747709e+00
1.456013412024097953e+00,1.168532691712751426e+00
1.462302886806059909e+00,1.056996298937359358e+00
1.468592361588020978e+00,9.941441402260632332e-01
1.474881836369982935e+00,9.322912570768013829e-01
1.481171311151944003e+00,1.075311678283017658e+00
1.487460785933905960e+00,1.183786259581421030e+00
1.493750260715867029e+00,4.098917189267395900e-01
1.500039735497828985e+00,5.912712047014745398e-01
1.506329210279790054e+00,1.186064090292314521e+00
1.512618685061752011e+00,9.559597834366004854e-01
1.518908159843713079e+00,9.168157528838757342e-01
1.525197634625675036e+00,1.022599197317266562e+00
1.531487109407636993e+00,1.549323129758431783e+00
1.537776584189598061e+00,6.482783902683146859e-01
1.544066058971560018e+00,1.064599626828671042e+00
1.550355533753521087e+00,1.072951881885224168e+00
1.556645008535483043e+00,1.223603889380114884e+00
1.562934483317444112e+00,1.388954095663077037e+00
1.569223958099406069e+00,7.067865974618954272e-01
1.575513432881367137e+00,1.036628238150440806e+00
1.581802907663329094e+00,1.332049860588570889e+00
1.588092382445290163e+00,1.027748981308350906e+00
1.594381857227252119e+00,2.668997628738731809e-01
1.600671332009213188e+00,9.832999472343699754e-01
1.606960806791175145e+00,8.563668492874439986e-01
1.613250281573137102e+00,7.565387507541870837e-01
1.619539756355098170e+00,9.889484024524678452e-01
1.625829231137060127e+00,6.280171945879871043e-01
1.632118705919021195e+00,5.782482491786139489e-01
1.638408180700983152e+00,6.897624723390958223e-01
1.644697655482944221e+00,8.238649581365344865e-01
1.650987130264906178e+00,7.516388073178662532e-01
1.657276605046867246e+00,8.300548550243889157e-01
1.663566079828829203e+00,8.224423046182526287e-01
1.669855554610790271e+00,1.317885626755997963e+00
1.676145029392752228e+00,1.230171896259273367e+00
1.682434504174713297e+00,8.922978682549359553e-01
1.688723978956675253e+00,1.064875820944829243e+00
1.695013453738637210e+00,1.205652244677813290e+00
1.701302928520598279e+00,9.760743165299419211e-01
1.707592403302560236e+00,1.440388100469163435e+00
1.713881878084521304e+00,9.764984708352308918e-01
1.720171352866483261e+00,8.285486288582167846e-01
1.726460827648444329e+00,1.298151072397545569e+00
1.732750302430406286e+00,9.842886402228672171e-01
1.739039777212367355e+00,9.126111912500407541e-01
1.745329251994329312e+00,9.803148408492193822e-01
1.751618726776290380e+00,1.047600436540102820e+00
1.757908201558252337e+00,9.993498811269329041e-01
1.764197676340213405e+00,1.457710391747838674e+00
1.770487151122175362e+00,7.480603077287432123e-01
1.776776625904137319e+00,1.098517964651380074e+00
1.783066100686098387e+00,1.543853975934031730e+00
1.789355575468060344e+00,7.096171676297788888e-01
1.795645050250021413e+00,9.604691869385957315e-01
1.801934525031983370e+00,1.010211551677028252e+00
1.808223999813944438e+00,1.097137800399546892e+00
1.814513474595906395e+00,5.140035375081308811e-01
1.820802949377867463e+00,6.743846849641805807e-01
1.827092424159829420e+00,8.797841185384592810e-01
1.833381898941790489e+00,7.459549344939727655e-01
1.839671373723752446e+00,1.039230618359507252e+00
1.845960848505713514e+00,1.005666514242914866e+00
1.852250323287675471e+00,8.085860206393232774e-01
1.858539798069637428e+00,1.280113182534621252e+00
1.864829272851598496e+00,1.152442713533661678e+00
1.871118747633560453e+00,8.979622289727151596e-01
1.877408222415521521e+00,1.301772599099367600e+00
1.883697697197483478e+00,9.080688503278291357e-01
1.889987171979444547e+00,8.984520415610687261e-01
1.896276646761406504e+00,6.496872196045913039e-01
1.902566121543367572e+00,1.239424613916777052e+00
1.908855596325329529e+00,6.152221956443983952e-01
1.915145071107290597e+00,7.416837626329635391e-01
1.921434545889252554e+00,1.083501552767333287e+00
1.927724020671213623e+00,1.136580305440465288e+00
1.934013495453175580e+00,1.012231137423314165e+00
1.940302970235137536e+00,4.561676239676825118e-01
1.946592445017098605e+00,8.174182619227756685e-01
1.952881919799060562e+00,7.306801368391278029e-01
1.959171394581021630e+00,4.467450268259757218e-01
1.965460869362983587e+00,1.135445710886731963e+00
1.971750344144944656e+00,1.129778841914490739e+00
1.978039818926906612e+00,1.225917873876396724e+00
1.984329293708867681e+00,1.326750121631929957e+00
1.990618768490829638e+00,8.113811149666427802e-01
1.996908243272790706e+00,1.154606709155124200e+00
2.003197718054752663e+00,1.217136116265605583e+00
2.009487192836713731e+00,1.107120599947805539e+00
2.015776667618675688e+00,8.954387255586682137e-01
2.022066142400637645e+00,8.095588965567757089e-01
2.028355617182598714e+00,8.284602125441025144e-01
2.034645091964560670e+00,1.228243833559855558e+00
2.040934566746521739e+00,1.135422120162751458e+00
2.047224041528483696e+00,9.508873101152286456e-01
2.053513516310444764e+00,1.164555250963337896e+00
2.059802991092406721e+00,1.218760329529734454e+00
2.066092465874367790e+00,1.009260190519743139e+00
2.072381940656329746e+00,5.764247900117693835e-01
2.078671415438290815e+00,8.421256343228887831e-01
2.084960890220252772e+00,5.213551832871576863e-01
2.091250365002213840e+00,8.496485559847203328e-01
2.097539839784175797e+00,1.325685674065504749e+00
2.103829314566137754e+00,1.091657463049277021e+00
2.110118789348098822e+00,1.438995580024863941e+00
2.116408264130060779e+00,5.311747674124940310e-01
2.122697738912021848e+00,7.031026939408827614e-01
2.128987213693983804e+00,8.356147262861939318e-01
2.135276688475944873e+00,9.677053606044689893e-01
2.141566163257906830e+00,1.019818951209819025e+00
2.147855638039867898e+00,4.144864933032731957e-01
2.154145112821829855e+00,2.688036049997118981e-01
2.160434587603790924e+00,3.814096981823292265e-01
2.166724062385752880e+00,8.913743406256064983e-01
2.173013537167714837e+00,2.934038256502028430e-01
2.179303011949675906e+00,1.181446481246597013e+00
2.185592486731637862e+00,6.508686406454218254e-01
2.191881961513598931e+00,1.040458441370236686e+00
2.198171436295560888e+00,7.183789670487134016e-01
2.204460911077521956e+00,1.299059529398406410e+00
2.210750385859483913e+00,8.709428641584866515e-01
2.217039860641444982e+00,6.169548100823809555e-01
2.223329335423406938e+00,5.514226574386731361e-01
2.229618810205368007e+00,6.294830089863546752e-01
2.235908284987329964e+00,1.130471577143752793e+00
2.242197759769291032e+00,3.783173069754316997e-01
2.248487234551252989e+00,5.688816465610230244e-01
2.254776709333214946e+00,2.486008929451622995e-01
2.261066184115176014e+00,6.182955240227104854e-01
2.267355658897137971e+00,8.886980533573696217e-01
2.273645133679099040e+00,1.379743036940975776e-01
2.279934608461060996e+00,1.296347877249702130e+00
2.286224083243022065e+00,7.839602819982085524e-01
2.292513558024984022e+00,3.982973282753091704e-01
2.298803032806945090e+00,7.781838499503420659e-01
2.305092507588907047e+00,7.329900847595838265e-01
2.311381982370868116e+00,3.655933545536264040e-01
2.317671457152830072e+00,4.422671380747242864e-01
2.323960931934791141e+00,7.224608273806644165e-01
2.330250406716753098e+00,6.630761236789451951e-01
2.336539881498715054e+00,5.398926960134255992e-01
2.342829356280676123e+00,6.889791729499020745e-01
2.349118831062638080e+00,6.121984414624722648e-01
2.355408305844599148e+00,1.080627660571303439e+00
2.361697780626561105e+00,8.040135030266130078e-01
2.367987255408522174e+00,9.068586984742201818e-01
2.374276730190484130e+00,6.269877149955691564e-01
2.380566204972445199e+00,9.244255515281685209e-02
2.386855679754407156e+00,9.780729533400849274e-01
2.393145154536368224e+00,2.882284623000809232e-01
2.399434629318330181e+00,5.378316098402270429e-01
2.405724104100291250e+00,1.040315577123784418e+00
2.412013578882253206e+00,8.280246822443017019e-01
2.418303053664215163e+00,1.633638837541753763e-01
2.424592528446176232e+00,8.908336309095317151e-01
2.430882003228138188e+00,5.950733528397542660e-01
2.437171478010099257e+00,5.468444039349417141e-01
2.443460952792061214e+00,6.004832042661032432e-01
2.449750427574022282e+00,4.202059989738411439e-01
2.456039902355984239e+00,8.586048720503725029e-01
2.462329377137945308e+00,2.079583139187172747e-01
2.468618851919907264e+00,6.888146883559914668e-01
2.474908326701868333e+00,1.366797946003512454e+00
2.481197801483830290e+00,3.072214126814119539e-01
2.487487276265791358e+00,4.434425343430109523e-01
2.493776751047753315e+00,8.087713348081868592e-01
2.500066225829715272e+00,4.064848700470561349e-01
2.506355700611676340e+00,-1.018848163554775255e-02
2.512645175393638297e+00,1.132750677741924061e+00
2.518934650175599366e+00,1.379465365782800435e+00
2.525224124957561322e+00,1.037284371265568161e+00
2.531513599739522391e+00,1.093336113438780011e+00
2.537803074521484348e+00,5.280348961804866015e-01
2.544092549303445416e+00,2.373027896951219184e-01
2.550382024085407373e+00,1.190592163338159981e+00
2.556671498867368442e+00,2.457291442589189523e-01
2.562960973649330398e+00,3.343437860029887521e-01
2.569250448431291467e+00,9.109562257108766437e-02
2.575539923213253424e+00,-1.390049339118698546e-01
2.581829397995215380e+00,7.156231624243203360e-02
2.588118872777176449e+00,9.419686183896952558e-02
2.594408347559138406e+00,6.014039049747199606e-01
2.600697822341099474e+00,3.761145357164012992e-01
2.606987297123061431e+00,7.927130493221358210e-01
2.613276771905022500e+00,5.768878472098474264e-01
2.619566246686984456e+00,5.351754541290210110e-01
2.625855721468945525e+00,5.822561167185380526e-01
2.632145196250907482e+00,2.083317750389157008e-01
2.638434671032868550e+00,-3.181070993421457604e-01
2.644724145814830507e+00,6.240089937520417740e-01
2.651013620596791576e+00,5.501590997664834726e-01
2.657303095378753532e+00,-6.304940501496875127e-02
2.663592570160715489e+00,5.504223814549972227e-01
2.669882044942676558e+00,3.049145679864774250e-01
2.676171519724638515e+00,7.492024468942140025e-01
2.682460994506599583e+00,2.736430011920613081e-01
2.688750469288561540e+00,4.980277751575546974e-01
2.695039944070522608e+00,1.057583018422324050e+00
2.701329418852484565e+00,3.599087081345928585e-01
2.707618893634445634e+00,6.758264213230120721e-01
2.713908368416407590e+00,4.698719844640573684e-01
2.720197843198368659e+00,7.412924905965665445e-01
2.726487317980330616e+00,4.199292233385919504e-01
2.732776792762291684e+00,3.155384868278915400e-01
2.739066267544253641e+00,1.191578562077192593e+00
2.745355742326215598e+00,4.986586398489062377e-01
2.751645217108176666e+00,3.065740041426909257e-01
2.757934691890138623e+00,6.344378186940300424e-01
2.764224166672099692e+00,1.954585747028567966e-01
2.770513641454061649e+00,1.617344965422292391e-01
2.776803116236022717e+00,9.988525426380734373e-02
2.783092591017984674e+00,4.340069106401270860e-01
2.789382065799945742e+00,1.834573716135805554e-01
2.795671540581907699e+00,5.599353127816769637e-02
2.801961015363868768e+00,3.714962381106471367e-01
2.808250490145830724e+00,2.258163652887134054e-01
2.814539964927791793e+00,7.600572651767723009e-01
2.820829439709753750e+00,8.792844825162657862e-01
2.827118914491715707e+00,8.662591810958478189e-02
2.833408389273676775e+00,8.172862307221387956e-01
2.839697864055638732e+00,3.079565252570540257e-01
2.845987338837599800e+00,8.234629583899663596e-02
2.852276813619561757e+00,4.578582441162240002e-01
2.858566288401522826e+00,3.530199089442469518e-01
2.864855763183484783e+00,1.772489415044711247e-01
2.871145237965445851e+00,-3.876626919977477215e-03
2.877434712747407808e+00,-3.373521016371217596e-01
2.883724187529368876e+00,4.253606164846089333e-01
2.890013662311330833e+00,2.838691613193896068e-01
2.896303137093292790e+00,-1.046202992564903012e-01
2.902592611875253858e+00,1.700382144928903605e-01
2.908882086657215815e+00,1.384010527564178417e-01
2.915171561439176884e+00,-1.796264916552202107e-01
2.921461036221138841e+00,-5.200927627420270927e-02
2.927750511003099909e+00,5.347786815705040109e-01
2.934039985785061866e+00,2.326767783312709836e-01
2.940329460567022934e+00,1.014417677967049819e-01
2.946618935348984891e+00,4.039749579740070651e-01
2.952908410130945960e+00,2.939855110876571365e-02
2.959197884912907917e+00,-3.240249942359586521e-01
2.965487359694868985e+00,7.896114122190243945e-02
2.971776834476830942e+00,1.967581037450186199e-02
2.978066309258792899e+00,9.550697345272141092e-03
2.984355784040753967e+00,3.591622426965490611e-01
2.990645258822715924e+00,2.625784331622590950e-02
2.996934733604676993e+00,1.888936770433694567e-01
3.003224208386638949e+00,-2.101269241245076469e-01
3.009513683168600018e+00,-2.304795996304279670e-01
3.015803157950561975e+00,8.206202447523927579e-02
3.022092632732523043e+00,5.778242034575804542e-01
3.028382107514485000e+00,4.928628936680981010e-01
3.034671582296446068e+00,9.398824739873412604e-01
3.040961057078408025e+00,4.924755230266402717e-01
3.047250531860369094e+00,1.580352544701205120e-02
3.053540006642331051e+00,3.855627809767884218e-01
3.059829481424293007e+00,6.933523472903414531e-01
3.066118956206254076e+00,1.620695467449901062e-01
3.072408430988216033e+00,-1.671522955606561667e-01
3.078697905770177101e+00,1.559655930755804998e-01
3.084987380552139058e+00,-2.313497903940975597e-01
3.091276855334100127e+00,-1.592726818548815260e-01
3.097566330116062083e+00,2.715391477897371453e-01
3.103855804898023152e+00,2.927537479756650574e-01
3.110145279679985109e+00,1.948298834163771781e-02
3.116434754461946177e+00,2.217191611765053083e-01
3.122724229243908134e+00,4.144196793115926813e-01
3.129013704025869202e+00,-3.069469362612963215e-01
3.135303178807831159e+00,7.942759660205085670e-02
3.141592653589793116e+00,2.395758015887088921e-01
